{
  "timestamp": "2025-03-04T22:27:05.927314",
  "platform": "facebook",
  "account_overview": {
    "total_spend": 5319.040000000001,
    "total_impressions": 479894.0,
    "total_clicks": 5437.0,
    "total_conversions": 356.0,
    "total_revenue": 0,
    "ctr": 1.1329585283416754,
    "cpc": 0.9783042118815525,
    "cpm": 11.083781001637865,
    "conversion_rate": 6.547728526761082,
    "cpa": 14.941123595505621,
    "roas": 0,
    "active_campaigns": 4,
    "total_campaigns": 79
  },
  "insights": {
    "budget_efficiency": {
      "campaigns": [
        {
          "campaign_id": "120218936805300210",
          "campaign_name": "CM | Weightloss | Advantage CPR Female Campaign  Campaign",
          "spend": 58.95,
          "impressions": 4653.0,
          "clicks": 27.0,
          "conversions": 5.0,
          "ctr": 0.5802707930367506,
          "cpm": 12.669245647969053,
          "cpc": 2.1833333333333336,
          "ctr_index": 56.976728306440314,
          "cpm_index": 91.05344625414523,
          "cpc_index": 62.16051772844633,
          "conversion_rate": 18.51851851851852,
          "cpa": 11.790000000000001,
          "conversion_rate_index": 201.01847908834964,
          "cpa_index": 134.52826626308357,
          "efficiency_score": 100
        },
        {
          "campaign_id": "120218160723340210",
          "campaign_name": "CM | Weightloss | Advantage CPR Male Campaign",
          "spend": 78.85,
          "impressions": 6664.0,
          "clicks": 51.0,
          "conversions": 4.0,
          "ctr": 0.7653061224489796,
          "cpm": 11.832232893157261,
          "cpc": 1.5460784313725489,
          "ctr_index": 75.14532789395317,
          "cpm_index": 97.49457165900135,
          "cpc_index": 87.78153010859228,
          "conversion_rate": 7.8431372549019605,
          "cpa": 19.7125,
          "conversion_rate_index": 85.13723820212454,
          "cpa_index": 80.46104041809792,
          "efficiency_score": 89.98356035712087
        },
        {
          "campaign_id": "120217435730260210",
          "campaign_name": "CM | TOF | Advantage | UGC Smoothie Campaign",
          "spend": 907.14,
          "impressions": 75415.0,
          "clicks": 1095.0,
          "conversions": 47.0,
          "ctr": 1.451965789299211,
          "cpm": 12.0286415169396,
          "cpc": 0.8284383561643835,
          "ctr_index": 142.5683685615172,
          "cpm_index": 95.9026400498644,
          "cpc_index": 163.8228473656581,
          "conversion_rate": 4.292237442922374,
          "cpa": 19.300851063829786,
          "conversion_rate_index": 46.59222830376542,
          "cpa_index": 82.17711509178574,
          "efficiency_score": 98.13591769333655
        },
        {
          "campaign_id": "120216553457020210",
          "campaign_name": "CM | TOF | Advantage | Testimonial Campaign",
          "spend": 1478.1,
          "impressions": 134450.0,
          "clicks": 805.0,
          "conversions": 107.0,
          "ctr": 0.598735589438453,
          "cpm": 10.993677947192264,
          "cpc": 1.8361490683229813,
          "ctr_index": 58.789784728438974,
          "cpm_index": 104.93107795490155,
          "cpc_index": 73.91400443196568,
          "conversion_rate": 13.291925465838508,
          "cpa": 13.814018691588783,
          "conversion_rate_index": 144.28382263012222,
          "cpa_index": 114.81729499957231,
          "efficiency_score": 100
        },
        {
          "campaign_id": "120216553431700210",
          "campaign_name": "CM | TOF | Advantage | Static  Campaign",
          "spend": 1350.89,
          "impressions": 135150.0,
          "clicks": 1226.0,
          "conversions": 73.0,
          "ctr": 0.9071402145763966,
          "cpm": 9.995486496485388,
          "cpc": 1.101867862969005,
          "ctr_index": 89.07200252364223,
          "cpm_index": 115.40993808490809,
          "cpc_index": 123.17005961865696,
          "conversion_rate": 5.954323001631321,
          "cpa": 18.505342465753426,
          "conversion_rate_index": 64.63416350459006,
          "cpa_index": 85.70974907257299,
          "efficiency_score": 94.65985921372399
        },
        {
          "campaign_id": "120216553317720210",
          "campaign_name": "CM | TOF | Advantage | UGC Campaign",
          "spend": 1445.11,
          "impressions": 123562.0,
          "clicks": 2233.0,
          "conversions": 120.0,
          "ctr": 1.8071899127563489,
          "cpm": 11.695424159531248,
          "cpc": 0.6471607702642185,
          "ctr_index": 177.44778798600805,
          "cpm_index": 98.63502699453603,
          "cpc_index": 209.71161511901414,
          "conversion_rate": 5.373936408419167,
          "cpa": 12.042583333333333,
          "conversion_rate_index": 58.33406827104817,
          "cpa_index": 131.7066459363029,
          "efficiency_score": 100
        }
      ]
    }
  },
  "recommendations": [
    {
      "type": "budget_allocation_imbalance",
      "performance_metric": "cpa",
      "bottom_spend_pct": 43.93424377331248,
      "top_spend_pct": 1.1082826976296474,
      "severity": "high",
      "potential_savings": 1168.44,
      "recommendation": "Budget allocation is inefficient with 43.9% of spend on the worst-performing campaigns (with highest cpa) versus only 1.1% on the best-performing campaigns. Consider reallocating at least 50% of the budget from the bottom quartile campaigns to the top performers.",
      "priority_score": 450.0
    }
  ],
  "metrics": {
    "budget_efficiency": {
      "estimated_savings": 1168.44,
      "inefficient_entities": 0,
      "entity_counts": {
        "campaign": 0,
        "adset": 0,
        "ad": 0
      },
      "budget_distribution": {
        "total_spend": 5319.04,
        "performance_metric": "cpa",
        "quartiles": {
          "top_25": {
            "spend": 58.95,
            "spend_pct": 1.1082826976296474,
            "campaign_count": 1
          },
          "mid_high": {
            "spend": 1445.11,
            "spend_pct": 27.168624413427985,
            "campaign_count": 1
          },
          "mid_low": {
            "spend": 1478.1,
            "spend_pct": 27.788849115629887,
            "campaign_count": 1
          },
          "bottom_25": {
            "spend": 2336.88,
            "spend_pct": 43.93424377331248,
            "campaign_count": 3
          }
        }
      }
    }
  },
  "potential_savings": 1168.44,
  "potential_improvement_percentage": 6.0
}